{
  "exemplar": "render_train_00000001.jpg",
  "shape": 44940,
  "camera": [
    2.083982467651367,
    -0.04215754196047783,
    0.6265318989753723
  ]
}